#date=2022/02/15 12:33:13;source=MUSIALv2.0;reference=bamA;samples=11
Position	Reference	Allele	Samples	Annotation	Annotation_Impact	Gene_Name	Gene_ID	Feature_Type	Feature_ID	Transcript_BioType	Rank	HGVS.c	HGVS.p	cDNA.pos/cDNA.length	CDS.pos/CDS.length	AA.pos/AA.length	Distance	ERRORS/WARNINGS/INFO
347027	G	A	C3,B3,SHC-0,Q3,P3,SHD-R,K3,SHE-V,A2_2,SHG-I2	synonymous_variant	LOW	bamA	gene-TPANIC_RS01590	transcript	TRANSCRIPT_gene-TPANIC_RS01590	protein_coding	1/1	c.1545G>A	p.Ala515Ala	1545/2514	1545/2514	515/837
347031	T	G	C3,B3,SHC-0,Q3,P3,SHD-R,K3,SHE-V,A2_2,SHG-I2	missense_variant	MODERATE	bamA	gene-TPANIC_RS01590	transcript	TRANSCRIPT_gene-TPANIC_RS01590	protein_coding	1/1	c.1549T>G	p.Ser517Ala	1549/2514	1549/2514	517/837
347034	T	A	C3,B3,SHC-0,Q3,P3,SHD-R,K3,SHE-V,A2_2,SHG-I2	missense_variant	MODERATE	bamA	gene-TPANIC_RS01590	transcript	TRANSCRIPT_gene-TPANIC_RS01590	protein_coding	1/1	c.1552T>A	p.Tyr518Asn	1552/2514	1552/2514	518/837
347036	C	A	C3,B3,SHC-0,Q3,P3,SHD-R,K3,SHE-V,A2_2,SHG-I2	stop_gained	HIGH	bamA	gene-TPANIC_RS01590	transcript	TRANSCRIPT_gene-TPANIC_RS01590	protein_coding	1/1	c.1554C>A	p.Tyr518*	1554/2514	1554/2514	518/837
347061	A	G	C3,B3,SHC-0,Q3,P3,SHD-R,K3,SHE-V,A2_2,SHG-I2	missense_variant	MODERATE	bamA	gene-TPANIC_RS01590	transcript	TRANSCRIPT_gene-TPANIC_RS01590	protein_coding	1/1	c.1579A>G	p.Thr527Ala	1579/2514	1579/2514	527/837
347062	C	T	C3,B3,SHC-0,Q3,P3,SHD-R,K3,SHE-V,A2_2,SHG-I2	missense_variant	MODERATE	bamA	gene-TPANIC_RS01590	transcript	TRANSCRIPT_gene-TPANIC_RS01590	protein_coding	1/1	c.1580C>T	p.Thr527Met	1580/2514	1580/2514	527/837
347068	G	A	C3,B3,SHC-0,Q3,P3,SHD-R,K3,SHE-V,A2_2,SHG-I2	missense_variant	MODERATE	bamA	gene-TPANIC_RS01590	transcript	TRANSCRIPT_gene-TPANIC_RS01590	protein_coding	1/1	c.1586G>A	p.Arg529Lys	1586/2514	1586/2514	529/837
347075	G	C	C3,B3,SHC-0,Q3,P3,SHD-R,K3,SHE-V,A2_2,SHG-I2	missense_variant	MODERATE	bamA	gene-TPANIC_RS01590	transcript	TRANSCRIPT_gene-TPANIC_RS01590	protein_coding	1/1	c.1593G>C	p.Gln531His	1593/2514	1593/2514	531/837
347083	G	A	C3,B3,SHC-0,Q3,P3,SHD-R,K3,SHE-V,A2_2,SHG-I2	missense_variant	MODERATE	bamA	gene-TPANIC_RS01590	transcript	TRANSCRIPT_gene-TPANIC_RS01590	protein_coding	1/1	c.1601G>A	p.Ser534Asn	1601/2514	1601/2514	534/837
347401	T	G	C3,B3,SHC-0,Q3,P3,SHD-R,K3,SHE-V,A2_2,SHG-I2	missense_variant	MODERATE	bamA	gene-TPANIC_RS01590	transcript	TRANSCRIPT_gene-TPANIC_RS01590	protein_coding	1/1	c.1919T>G	p.Phe640Cys	1919/2514	1919/2514	640/837
347822	A	C	C3,B3,SHC-0,Q3,P3,SHD-R,K3,SHE-V,A2_1,SHG-I2	missense_variant	MODERATE	bamA	gene-TPANIC_RS01590	transcript	TRANSCRIPT_gene-TPANIC_RS01590	protein_coding	1/1	c.2340A>C	p.Arg780Ser	2340/2514	2340/2514	780/837
347955	A	G	C3,B3,SHC-0,Q3,P3,SHD-R,K3,SHE-V,A2_2,A2_1,SHG-I2	missense_variant	MODERATE	bamA	gene-TPANIC_RS01590	transcript	TRANSCRIPT_gene-TPANIC_RS01590	protein_coding	1/1	c.2473A>G	p.Asn825Asp	2473/2514	2473/2514	825/837
