#date=2022/02/15 12:33:09;source=MUSIALv2.0;reference=bamA;samples=11;variantPositions=12
Position	C3	B3	SHC-0	Q3	P3	SHD-R	K3	SHE-V	A2_2	A2_1	SHG-I2
347027	QUALITY=6128.77;COVERAGE=137.0;FREQUENCY=1.0;ANN=A|synonymous_variant|LOW|bamA|gene-TPANIC_RS01590|transcript|TRANSCRIPT_gene-TPANIC_RS01590|protein_coding|1/1|c.1545G>A|p.Ala515Ala|1545/2514|1545/2514|515/837||	QUALITY=1366.77;COVERAGE=31.0;FREQUENCY=1.0;ANN=A|synonymous_variant|LOW|bamA|gene-TPANIC_RS01590|transcript|TRANSCRIPT_gene-TPANIC_RS01590|protein_coding|1/1|c.1545G>A|p.Ala515Ala|1545/2514|1545/2514|515/837||	QUALITY=12197.77;COVERAGE=273.0;FREQUENCY=1.0;ANN=A|synonymous_variant|LOW|bamA|gene-TPANIC_RS01590|transcript|TRANSCRIPT_gene-TPANIC_RS01590|protein_coding|1/1|c.1545G>A|p.Ala515Ala|1545/2514|1545/2514|515/837||	QUALITY=19159.77;COVERAGE=427.0;FREQUENCY=1.0;ANN=A|synonymous_variant|LOW|bamA|gene-TPANIC_RS01590|transcript|TRANSCRIPT_gene-TPANIC_RS01590|protein_coding|1/1|c.1545G>A|p.Ala515Ala|1545/2514|1545/2514|515/837||	QUALITY=18357.77;COVERAGE=413.0;FREQUENCY=0.99;ANN=A|synonymous_variant|LOW|bamA|gene-TPANIC_RS01590|transcript|TRANSCRIPT_gene-TPANIC_RS01590|protein_coding|1/1|c.1545G>A|p.Ala515Ala|1545/2514|1545/2514|515/837||	QUALITY=16505.77;COVERAGE=374.0;FREQUENCY=0.99;ANN=A|synonymous_variant|LOW|bamA|gene-TPANIC_RS01590|transcript|TRANSCRIPT_gene-TPANIC_RS01590|protein_coding|1/1|c.1545G>A|p.Ala515Ala|1545/2514|1545/2514|515/837||	QUALITY=10384.77;COVERAGE=232.0;FREQUENCY=1.0;ANN=A|synonymous_variant|LOW|bamA|gene-TPANIC_RS01590|transcript|TRANSCRIPT_gene-TPANIC_RS01590|protein_coding|1/1|c.1545G>A|p.Ala515Ala|1545/2514|1545/2514|515/837||	QUALITY=6014.77;COVERAGE=137.0;FREQUENCY=0.99;ANN=A|synonymous_variant|LOW|bamA|gene-TPANIC_RS01590|transcript|TRANSCRIPT_gene-TPANIC_RS01590|protein_coding|1/1|c.1545G>A|p.Ala515Ala|1545/2514|1545/2514|515/837||	QUALITY=556.77;COVERAGE=13.0;FREQUENCY=1.0;ANN=A|synonymous_variant|LOW|bamA|gene-TPANIC_RS01590|transcript|TRANSCRIPT_gene-TPANIC_RS01590|protein_coding|1/1|c.1545G>A|p.Ala515Ala|1545/2514|1545/2514|515/837||		QUALITY=3262.77;COVERAGE=75.0;FREQUENCY=0.99;ANN=A|synonymous_variant|LOW|bamA|gene-TPANIC_RS01590|transcript|TRANSCRIPT_gene-TPANIC_RS01590|protein_coding|1/1|c.1545G>A|p.Ala515Ala|1545/2514|1545/2514|515/837||
347031	QUALITY=6128.77;COVERAGE=136.0;FREQUENCY=1.0;ANN=G|missense_variant|MODERATE|bamA|gene-TPANIC_RS01590|transcript|TRANSCRIPT_gene-TPANIC_RS01590|protein_coding|1/1|c.1549T>G|p.Ser517Ala|1549/2514|1549/2514|517/837||	QUALITY=1366.77;COVERAGE=31.0;FREQUENCY=1.0;ANN=G|missense_variant|MODERATE|bamA|gene-TPANIC_RS01590|transcript|TRANSCRIPT_gene-TPANIC_RS01590|protein_coding|1/1|c.1549T>G|p.Ser517Ala|1549/2514|1549/2514|517/837||	QUALITY=11980.77;COVERAGE=265.0;FREQUENCY=1.0;ANN=G|missense_variant|MODERATE|bamA|gene-TPANIC_RS01590|transcript|TRANSCRIPT_gene-TPANIC_RS01590|protein_coding|1/1|c.1549T>G|p.Ser517Ala|1549/2514|1549/2514|517/837||	QUALITY=19128.77;COVERAGE=424.0;FREQUENCY=1.0;ANN=G|missense_variant|MODERATE|bamA|gene-TPANIC_RS01590|transcript|TRANSCRIPT_gene-TPANIC_RS01590|protein_coding|1/1|c.1549T>G|p.Ser517Ala|1549/2514|1549/2514|517/837||	QUALITY=18248.77;COVERAGE=405.0;FREQUENCY=0.99;ANN=G|missense_variant|MODERATE|bamA|gene-TPANIC_RS01590|transcript|TRANSCRIPT_gene-TPANIC_RS01590|protein_coding|1/1|c.1549T>G|p.Ser517Ala|1549/2514|1549/2514|517/837||	QUALITY=16234.77;COVERAGE=363.0;FREQUENCY=0.99;ANN=G|missense_variant|MODERATE|bamA|gene-TPANIC_RS01590|transcript|TRANSCRIPT_gene-TPANIC_RS01590|protein_coding|1/1|c.1549T>G|p.Ser517Ala|1549/2514|1549/2514|517/837||	QUALITY=10309.77;COVERAGE=227.0;FREQUENCY=1.0;ANN=G|missense_variant|MODERATE|bamA|gene-TPANIC_RS01590|transcript|TRANSCRIPT_gene-TPANIC_RS01590|protein_coding|1/1|c.1549T>G|p.Ser517Ala|1549/2514|1549/2514|517/837||	QUALITY=5985.77;COVERAGE=134.0;FREQUENCY=0.99;ANN=G|missense_variant|MODERATE|bamA|gene-TPANIC_RS01590|transcript|TRANSCRIPT_gene-TPANIC_RS01590|protein_coding|1/1|c.1549T>G|p.Ser517Ala|1549/2514|1549/2514|517/837||	QUALITY=556.77;COVERAGE=13.0;FREQUENCY=1.0;ANN=G|missense_variant|MODERATE|bamA|gene-TPANIC_RS01590|transcript|TRANSCRIPT_gene-TPANIC_RS01590|protein_coding|1/1|c.1549T>G|p.Ser517Ala|1549/2514|1549/2514|517/837||		QUALITY=3155.77;COVERAGE=70.0;FREQUENCY=0.99;ANN=G|missense_variant|MODERATE|bamA|gene-TPANIC_RS01590|transcript|TRANSCRIPT_gene-TPANIC_RS01590|protein_coding|1/1|c.1549T>G|p.Ser517Ala|1549/2514|1549/2514|517/837||
347034	QUALITY=6129.77;COVERAGE=135.0;FREQUENCY=1.0;ANN=A|missense_variant|MODERATE|bamA|gene-TPANIC_RS01590|transcript|TRANSCRIPT_gene-TPANIC_RS01590|protein_coding|1/1|c.1552T>A|p.Tyr518Asn|1552/2514|1552/2514|518/837||	QUALITY=1366.77;COVERAGE=31.0;FREQUENCY=1.0;ANN=A|missense_variant|MODERATE|bamA|gene-TPANIC_RS01590|transcript|TRANSCRIPT_gene-TPANIC_RS01590|protein_coding|1/1|c.1552T>A|p.Tyr518Asn|1552/2514|1552/2514|518/837||	QUALITY=11971.77;COVERAGE=263.0;FREQUENCY=1.0;ANN=A|missense_variant|MODERATE|bamA|gene-TPANIC_RS01590|transcript|TRANSCRIPT_gene-TPANIC_RS01590|protein_coding|1/1|c.1552T>A|p.Tyr518Asn|1552/2514|1552/2514|518/837||	QUALITY=19231.77;COVERAGE=421.0;FREQUENCY=1.0;ANN=A|missense_variant|MODERATE|bamA|gene-TPANIC_RS01590|transcript|TRANSCRIPT_gene-TPANIC_RS01590|protein_coding|1/1|c.1552T>A|p.Tyr518Asn|1552/2514|1552/2514|518/837||	QUALITY=18195.77;COVERAGE=402.0;FREQUENCY=0.99;ANN=A|missense_variant|MODERATE|bamA|gene-TPANIC_RS01590|transcript|TRANSCRIPT_gene-TPANIC_RS01590|protein_coding|1/1|c.1552T>A|p.Tyr518Asn|1552/2514|1552/2514|518/837||	QUALITY=16309.77;COVERAGE=360.0;FREQUENCY=0.99;ANN=A|missense_variant|MODERATE|bamA|gene-TPANIC_RS01590|transcript|TRANSCRIPT_gene-TPANIC_RS01590|protein_coding|1/1|c.1552T>A|p.Tyr518Asn|1552/2514|1552/2514|518/837||	QUALITY=10231.77;COVERAGE=226.0;FREQUENCY=1.0;ANN=A|missense_variant|MODERATE|bamA|gene-TPANIC_RS01590|transcript|TRANSCRIPT_gene-TPANIC_RS01590|protein_coding|1/1|c.1552T>A|p.Tyr518Asn|1552/2514|1552/2514|518/837||	QUALITY=6018.77;COVERAGE=133.0;FREQUENCY=0.98;ANN=A|missense_variant|MODERATE|bamA|gene-TPANIC_RS01590|transcript|TRANSCRIPT_gene-TPANIC_RS01590|protein_coding|1/1|c.1552T>A|p.Tyr518Asn|1552/2514|1552/2514|518/837||	QUALITY=556.77;COVERAGE=13.0;FREQUENCY=1.0;ANN=A|missense_variant|MODERATE|bamA|gene-TPANIC_RS01590|transcript|TRANSCRIPT_gene-TPANIC_RS01590|protein_coding|1/1|c.1552T>A|p.Tyr518Asn|1552/2514|1552/2514|518/837||		QUALITY=3115.77;COVERAGE=70.0;FREQUENCY=0.99;ANN=A|missense_variant|MODERATE|bamA|gene-TPANIC_RS01590|transcript|TRANSCRIPT_gene-TPANIC_RS01590|protein_coding|1/1|c.1552T>A|p.Tyr518Asn|1552/2514|1552/2514|518/837||
347036	QUALITY=6084.77;COVERAGE=136.0;FREQUENCY=1.0;ANN=A|stop_gained|HIGH|bamA|gene-TPANIC_RS01590|transcript|TRANSCRIPT_gene-TPANIC_RS01590|protein_coding|1/1|c.1554C>A|p.Tyr518*|1554/2514|1554/2514|518/837||	QUALITY=1366.77;COVERAGE=31.0;FREQUENCY=1.0;ANN=A|stop_gained|HIGH|bamA|gene-TPANIC_RS01590|transcript|TRANSCRIPT_gene-TPANIC_RS01590|protein_coding|1/1|c.1554C>A|p.Tyr518*|1554/2514|1554/2514|518/837||	QUALITY=11881.77;COVERAGE=265.0;FREQUENCY=1.0;ANN=A|stop_gained|HIGH|bamA|gene-TPANIC_RS01590|transcript|TRANSCRIPT_gene-TPANIC_RS01590|protein_coding|1/1|c.1554C>A|p.Tyr518*|1554/2514|1554/2514|518/837||	QUALITY=20176.77;COVERAGE=425.0;FREQUENCY=1.0;ANN=A|stop_gained|HIGH|bamA|gene-TPANIC_RS01590|transcript|TRANSCRIPT_gene-TPANIC_RS01590|protein_coding|1/1|c.1554C>A|p.Tyr518*|1554/2514|1554/2514|518/837||	QUALITY=18060.77;COVERAGE=406.0;FREQUENCY=0.99;ANN=A|stop_gained|HIGH|bamA|gene-TPANIC_RS01590|transcript|TRANSCRIPT_gene-TPANIC_RS01590|protein_coding|1/1|c.1554C>A|p.Tyr518*|1554/2514|1554/2514|518/837||	QUALITY=16174.77;COVERAGE=365.0;FREQUENCY=0.99;ANN=A|stop_gained|HIGH|bamA|gene-TPANIC_RS01590|transcript|TRANSCRIPT_gene-TPANIC_RS01590|protein_coding|1/1|c.1554C>A|p.Tyr518*|1554/2514|1554/2514|518/837||	QUALITY=10861.77;COVERAGE=227.0;FREQUENCY=1.0;ANN=A|stop_gained|HIGH|bamA|gene-TPANIC_RS01590|transcript|TRANSCRIPT_gene-TPANIC_RS01590|protein_coding|1/1|c.1554C>A|p.Tyr518*|1554/2514|1554/2514|518/837||	QUALITY=5973.77;COVERAGE=136.0;FREQUENCY=0.99;ANN=A|stop_gained|HIGH|bamA|gene-TPANIC_RS01590|transcript|TRANSCRIPT_gene-TPANIC_RS01590|protein_coding|1/1|c.1554C>A|p.Tyr518*|1554/2514|1554/2514|518/837||	QUALITY=556.77;COVERAGE=13.0;FREQUENCY=1.0;ANN=A|stop_gained|HIGH|bamA|gene-TPANIC_RS01590|transcript|TRANSCRIPT_gene-TPANIC_RS01590|protein_coding|1/1|c.1554C>A|p.Tyr518*|1554/2514|1554/2514|518/837||		QUALITY=3115.77;COVERAGE=71.0;FREQUENCY=0.99;ANN=A|stop_gained|HIGH|bamA|gene-TPANIC_RS01590|transcript|TRANSCRIPT_gene-TPANIC_RS01590|protein_coding|1/1|c.1554C>A|p.Tyr518*|1554/2514|1554/2514|518/837||
347061	QUALITY=6576.77;COVERAGE=142.0;FREQUENCY=1.0;ANN=G|missense_variant|MODERATE|bamA|gene-TPANIC_RS01590|transcript|TRANSCRIPT_gene-TPANIC_RS01590|protein_coding|1/1|c.1579A>G|p.Thr527Ala|1579/2514|1579/2514|527/837||	QUALITY=1546.77;COVERAGE=35.0;FREQUENCY=1.0;ANN=G|missense_variant|MODERATE|bamA|gene-TPANIC_RS01590|transcript|TRANSCRIPT_gene-TPANIC_RS01590|protein_coding|1/1|c.1579A>G|p.Thr527Ala|1579/2514|1579/2514|527/837||	QUALITY=12470.77;COVERAGE=269.0;FREQUENCY=1.0;ANN=G|missense_variant|MODERATE|bamA|gene-TPANIC_RS01590|transcript|TRANSCRIPT_gene-TPANIC_RS01590|protein_coding|1/1|c.1579A>G|p.Thr527Ala|1579/2514|1579/2514|527/837||	QUALITY=21301.77;COVERAGE=441.0;FREQUENCY=1.0;ANN=G|missense_variant|MODERATE|bamA|gene-TPANIC_RS01590|transcript|TRANSCRIPT_gene-TPANIC_RS01590|protein_coding|1/1|c.1579A>G|p.Thr527Ala|1579/2514|1579/2514|527/837||	QUALITY=20023.77;COVERAGE=435.0;FREQUENCY=1.0;ANN=G|missense_variant|MODERATE|bamA|gene-TPANIC_RS01590|transcript|TRANSCRIPT_gene-TPANIC_RS01590|protein_coding|1/1|c.1579A>G|p.Thr527Ala|1579/2514|1579/2514|527/837||	QUALITY=18043.77;COVERAGE=391.0;FREQUENCY=0.99;ANN=G|missense_variant|MODERATE|bamA|gene-TPANIC_RS01590|transcript|TRANSCRIPT_gene-TPANIC_RS01590|protein_coding|1/1|c.1579A>G|p.Thr527Ala|1579/2514|1579/2514|527/837||	QUALITY=10951.77;COVERAGE=232.0;FREQUENCY=1.0;ANN=G|missense_variant|MODERATE|bamA|gene-TPANIC_RS01590|transcript|TRANSCRIPT_gene-TPANIC_RS01590|protein_coding|1/1|c.1579A>G|p.Thr527Ala|1579/2514|1579/2514|527/837||	QUALITY=5983.77;COVERAGE=132.0;FREQUENCY=0.98;ANN=G|missense_variant|MODERATE|bamA|gene-TPANIC_RS01590|transcript|TRANSCRIPT_gene-TPANIC_RS01590|protein_coding|1/1|c.1579A>G|p.Thr527Ala|1579/2514|1579/2514|527/837||	QUALITY=466.77;COVERAGE=11.0;FREQUENCY=1.0;ANN=G|missense_variant|MODERATE|bamA|gene-TPANIC_RS01590|transcript|TRANSCRIPT_gene-TPANIC_RS01590|protein_coding|1/1|c.1579A>G|p.Thr527Ala|1579/2514|1579/2514|527/837||		QUALITY=2806.77;COVERAGE=62.0;FREQUENCY=0.98;ANN=G|missense_variant|MODERATE|bamA|gene-TPANIC_RS01590|transcript|TRANSCRIPT_gene-TPANIC_RS01590|protein_coding|1/1|c.1579A>G|p.Thr527Ala|1579/2514|1579/2514|527/837||
347062	QUALITY=6576.77;COVERAGE=141.0;FREQUENCY=1.0;ANN=T|missense_variant|MODERATE|bamA|gene-TPANIC_RS01590|transcript|TRANSCRIPT_gene-TPANIC_RS01590|protein_coding|1/1|c.1580C>T|p.Thr527Met|1580/2514|1580/2514|527/837||	QUALITY=1546.77;COVERAGE=35.0;FREQUENCY=1.0;ANN=T|missense_variant|MODERATE|bamA|gene-TPANIC_RS01590|transcript|TRANSCRIPT_gene-TPANIC_RS01590|protein_coding|1/1|c.1580C>T|p.Thr527Met|1580/2514|1580/2514|527/837||	QUALITY=12515.77;COVERAGE=269.0;FREQUENCY=1.0;ANN=T|missense_variant|MODERATE|bamA|gene-TPANIC_RS01590|transcript|TRANSCRIPT_gene-TPANIC_RS01590|protein_coding|1/1|c.1580C>T|p.Thr527Met|1580/2514|1580/2514|527/837||	QUALITY=21301.77;COVERAGE=436.0;FREQUENCY=1.0;ANN=T|missense_variant|MODERATE|bamA|gene-TPANIC_RS01590|transcript|TRANSCRIPT_gene-TPANIC_RS01590|protein_coding|1/1|c.1580C>T|p.Thr527Met|1580/2514|1580/2514|527/837||	QUALITY=20023.77;COVERAGE=434.0;FREQUENCY=1.0;ANN=T|missense_variant|MODERATE|bamA|gene-TPANIC_RS01590|transcript|TRANSCRIPT_gene-TPANIC_RS01590|protein_coding|1/1|c.1580C>T|p.Thr527Met|1580/2514|1580/2514|527/837||	QUALITY=18178.77;COVERAGE=391.0;FREQUENCY=0.99;ANN=T|missense_variant|MODERATE|bamA|gene-TPANIC_RS01590|transcript|TRANSCRIPT_gene-TPANIC_RS01590|protein_coding|1/1|c.1580C>T|p.Thr527Met|1580/2514|1580/2514|527/837||	QUALITY=10951.77;COVERAGE=232.0;FREQUENCY=1.0;ANN=T|missense_variant|MODERATE|bamA|gene-TPANIC_RS01590|transcript|TRANSCRIPT_gene-TPANIC_RS01590|protein_coding|1/1|c.1580C>T|p.Thr527Met|1580/2514|1580/2514|527/837||	QUALITY=5983.77;COVERAGE=131.0;FREQUENCY=0.98;ANN=T|missense_variant|MODERATE|bamA|gene-TPANIC_RS01590|transcript|TRANSCRIPT_gene-TPANIC_RS01590|protein_coding|1/1|c.1580C>T|p.Thr527Met|1580/2514|1580/2514|527/837||	QUALITY=466.77;COVERAGE=11.0;FREQUENCY=1.0;ANN=T|missense_variant|MODERATE|bamA|gene-TPANIC_RS01590|transcript|TRANSCRIPT_gene-TPANIC_RS01590|protein_coding|1/1|c.1580C>T|p.Thr527Met|1580/2514|1580/2514|527/837||		QUALITY=2806.77;COVERAGE=62.0;FREQUENCY=0.98;ANN=T|missense_variant|MODERATE|bamA|gene-TPANIC_RS01590|transcript|TRANSCRIPT_gene-TPANIC_RS01590|protein_coding|1/1|c.1580C>T|p.Thr527Met|1580/2514|1580/2514|527/837||
347068	QUALITY=6811.77;COVERAGE=149.0;FREQUENCY=1.0;ANN=A|missense_variant|MODERATE|bamA|gene-TPANIC_RS01590|transcript|TRANSCRIPT_gene-TPANIC_RS01590|protein_coding|1/1|c.1586G>A|p.Arg529Lys|1586/2514|1586/2514|529/837||	QUALITY=1591.77;COVERAGE=36.0;FREQUENCY=1.0;ANN=A|missense_variant|MODERATE|bamA|gene-TPANIC_RS01590|transcript|TRANSCRIPT_gene-TPANIC_RS01590|protein_coding|1/1|c.1586G>A|p.Arg529Lys|1586/2514|1586/2514|529/837||	QUALITY=12931.77;COVERAGE=282.0;FREQUENCY=1.0;ANN=A|missense_variant|MODERATE|bamA|gene-TPANIC_RS01590|transcript|TRANSCRIPT_gene-TPANIC_RS01590|protein_coding|1/1|c.1586G>A|p.Arg529Lys|1586/2514|1586/2514|529/837||	QUALITY=20581.77;COVERAGE=449.0;FREQUENCY=1.0;ANN=A|missense_variant|MODERATE|bamA|gene-TPANIC_RS01590|transcript|TRANSCRIPT_gene-TPANIC_RS01590|protein_coding|1/1|c.1586G>A|p.Arg529Lys|1586/2514|1586/2514|529/837||	QUALITY=20716.77;COVERAGE=454.0;FREQUENCY=1.0;ANN=A|missense_variant|MODERATE|bamA|gene-TPANIC_RS01590|transcript|TRANSCRIPT_gene-TPANIC_RS01590|protein_coding|1/1|c.1586G>A|p.Arg529Lys|1586/2514|1586/2514|529/837||	QUALITY=18691.77;COVERAGE=410.0;FREQUENCY=0.99;ANN=A|missense_variant|MODERATE|bamA|gene-TPANIC_RS01590|transcript|TRANSCRIPT_gene-TPANIC_RS01590|protein_coding|1/1|c.1586G>A|p.Arg529Lys|1586/2514|1586/2514|529/837||	QUALITY=11041.77;COVERAGE=241.0;FREQUENCY=1.0;ANN=A|missense_variant|MODERATE|bamA|gene-TPANIC_RS01590|transcript|TRANSCRIPT_gene-TPANIC_RS01590|protein_coding|1/1|c.1586G>A|p.Arg529Lys|1586/2514|1586/2514|529/837||	QUALITY=6001.77;COVERAGE=134.0;FREQUENCY=0.99;ANN=A|missense_variant|MODERATE|bamA|gene-TPANIC_RS01590|transcript|TRANSCRIPT_gene-TPANIC_RS01590|protein_coding|1/1|c.1586G>A|p.Arg529Lys|1586/2514|1586/2514|529/837||	QUALITY=466.77;COVERAGE=11.0;FREQUENCY=1.0;ANN=A|missense_variant|MODERATE|bamA|gene-TPANIC_RS01590|transcript|TRANSCRIPT_gene-TPANIC_RS01590|protein_coding|1/1|c.1586G>A|p.Arg529Lys|1586/2514|1586/2514|529/837||		QUALITY=2896.77;COVERAGE=65.0;FREQUENCY=0.98;ANN=A|missense_variant|MODERATE|bamA|gene-TPANIC_RS01590|transcript|TRANSCRIPT_gene-TPANIC_RS01590|protein_coding|1/1|c.1586G>A|p.Arg529Lys|1586/2514|1586/2514|529/837||
347075	QUALITY=6945.77;COVERAGE=148.0;FREQUENCY=1.0;ANN=C|missense_variant|MODERATE|bamA|gene-TPANIC_RS01590|transcript|TRANSCRIPT_gene-TPANIC_RS01590|protein_coding|1/1|c.1593G>C|p.Gln531His|1593/2514|1593/2514|531/837||	QUALITY=1591.77;COVERAGE=35.0;FREQUENCY=1.0;ANN=C|missense_variant|MODERATE|bamA|gene-TPANIC_RS01590|transcript|TRANSCRIPT_gene-TPANIC_RS01590|protein_coding|1/1|c.1593G>C|p.Gln531His|1593/2514|1593/2514|531/837||	QUALITY=13009.77;COVERAGE=285.0;FREQUENCY=1.0;ANN=C|missense_variant|MODERATE|bamA|gene-TPANIC_RS01590|transcript|TRANSCRIPT_gene-TPANIC_RS01590|protein_coding|1/1|c.1593G>C|p.Gln531His|1593/2514|1593/2514|531/837||	QUALITY=20530.77;COVERAGE=449.0;FREQUENCY=1.0;ANN=C|missense_variant|MODERATE|bamA|gene-TPANIC_RS01590|transcript|TRANSCRIPT_gene-TPANIC_RS01590|protein_coding|1/1|c.1593G>C|p.Gln531His|1593/2514|1593/2514|531/837||	QUALITY=21064.77;COVERAGE=460.0;FREQUENCY=1.0;ANN=C|missense_variant|MODERATE|bamA|gene-TPANIC_RS01590|transcript|TRANSCRIPT_gene-TPANIC_RS01590|protein_coding|1/1|c.1593G>C|p.Gln531His|1593/2514|1593/2514|531/837||	QUALITY=18814.77;COVERAGE=413.0;FREQUENCY=0.99;ANN=C|missense_variant|MODERATE|bamA|gene-TPANIC_RS01590|transcript|TRANSCRIPT_gene-TPANIC_RS01590|protein_coding|1/1|c.1593G>C|p.Gln531His|1593/2514|1593/2514|531/837||	QUALITY=11036.77;COVERAGE=237.0;FREQUENCY=1.0;ANN=C|missense_variant|MODERATE|bamA|gene-TPANIC_RS01590|transcript|TRANSCRIPT_gene-TPANIC_RS01590|protein_coding|1/1|c.1593G>C|p.Gln531His|1593/2514|1593/2514|531/837||	QUALITY=5953.77;COVERAGE=131.0;FREQUENCY=0.98;ANN=C|missense_variant|MODERATE|bamA|gene-TPANIC_RS01590|transcript|TRANSCRIPT_gene-TPANIC_RS01590|protein_coding|1/1|c.1593G>C|p.Gln531His|1593/2514|1593/2514|531/837||	QUALITY=421.77;COVERAGE=10.0;FREQUENCY=1.0;ANN=C|missense_variant|MODERATE|bamA|gene-TPANIC_RS01590|transcript|TRANSCRIPT_gene-TPANIC_RS01590|protein_coding|1/1|c.1593G>C|p.Gln531His|1593/2514|1593/2514|531/837||		QUALITY=2941.77;COVERAGE=65.0;FREQUENCY=0.98;ANN=C|missense_variant|MODERATE|bamA|gene-TPANIC_RS01590|transcript|TRANSCRIPT_gene-TPANIC_RS01590|protein_coding|1/1|c.1593G>C|p.Gln531His|1593/2514|1593/2514|531/837||
347083	QUALITY=6649.77;COVERAGE=148.0;FREQUENCY=1.0;ANN=A|missense_variant|MODERATE|bamA|gene-TPANIC_RS01590|transcript|TRANSCRIPT_gene-TPANIC_RS01590|protein_coding|1/1|c.1601G>A|p.Ser534Asn|1601/2514|1601/2514|534/837||	QUALITY=1584.77;COVERAGE=36.0;FREQUENCY=1.0;ANN=A|missense_variant|MODERATE|bamA|gene-TPANIC_RS01590|transcript|TRANSCRIPT_gene-TPANIC_RS01590|protein_coding|1/1|c.1601G>A|p.Ser534Asn|1601/2514|1601/2514|534/837||	QUALITY=12900.77;COVERAGE=285.0;FREQUENCY=1.0;ANN=A|missense_variant|MODERATE|bamA|gene-TPANIC_RS01590|transcript|TRANSCRIPT_gene-TPANIC_RS01590|protein_coding|1/1|c.1601G>A|p.Ser534Asn|1601/2514|1601/2514|534/837||	QUALITY=20016.77;COVERAGE=440.0;FREQUENCY=1.0;ANN=A|missense_variant|MODERATE|bamA|gene-TPANIC_RS01590|transcript|TRANSCRIPT_gene-TPANIC_RS01590|protein_coding|1/1|c.1601G>A|p.Ser534Asn|1601/2514|1601/2514|534/837||	QUALITY=21134.77;COVERAGE=472.0;FREQUENCY=1.0;ANN=A|missense_variant|MODERATE|bamA|gene-TPANIC_RS01590|transcript|TRANSCRIPT_gene-TPANIC_RS01590|protein_coding|1/1|c.1601G>A|p.Ser534Asn|1601/2514|1601/2514|534/837||	QUALITY=18666.77;COVERAGE=420.0;FREQUENCY=0.99;ANN=A|missense_variant|MODERATE|bamA|gene-TPANIC_RS01590|transcript|TRANSCRIPT_gene-TPANIC_RS01590|protein_coding|1/1|c.1601G>A|p.Ser534Asn|1601/2514|1601/2514|534/837||	QUALITY=10857.77;COVERAGE=243.0;FREQUENCY=1.0;ANN=A|missense_variant|MODERATE|bamA|gene-TPANIC_RS01590|transcript|TRANSCRIPT_gene-TPANIC_RS01590|protein_coding|1/1|c.1601G>A|p.Ser534Asn|1601/2514|1601/2514|534/837||	QUALITY=5710.77;COVERAGE=129.0;FREQUENCY=0.98;ANN=A|missense_variant|MODERATE|bamA|gene-TPANIC_RS01590|transcript|TRANSCRIPT_gene-TPANIC_RS01590|protein_coding|1/1|c.1601G>A|p.Ser534Asn|1601/2514|1601/2514|534/837||	QUALITY=376.78;COVERAGE=9.0;FREQUENCY=1.0;ANN=A|missense_variant|MODERATE|bamA|gene-TPANIC_RS01590|transcript|TRANSCRIPT_gene-TPANIC_RS01590|protein_coding|1/1|c.1601G>A|p.Ser534Asn|1601/2514|1601/2514|534/837||		QUALITY=2982.77;COVERAGE=68.0;FREQUENCY=0.99;ANN=A|missense_variant|MODERATE|bamA|gene-TPANIC_RS01590|transcript|TRANSCRIPT_gene-TPANIC_RS01590|protein_coding|1/1|c.1601G>A|p.Ser534Asn|1601/2514|1601/2514|534/837||
347401	QUALITY=6134.77;COVERAGE=146.0;FREQUENCY=0.99;ANN=G|missense_variant|MODERATE|bamA|gene-TPANIC_RS01590|transcript|TRANSCRIPT_gene-TPANIC_RS01590|protein_coding|1/1|c.1919T>G|p.Phe640Cys|1919/2514|1919/2514|640/837||	QUALITY=1284.77;COVERAGE=31.0;FREQUENCY=1.0;ANN=G|missense_variant|MODERATE|bamA|gene-TPANIC_RS01590|transcript|TRANSCRIPT_gene-TPANIC_RS01590|protein_coding|1/1|c.1919T>G|p.Phe640Cys|1919/2514|1919/2514|640/837||	QUALITY=14044.77;COVERAGE=352.0;FREQUENCY=1.0;ANN=G|missense_variant|MODERATE|bamA|gene-TPANIC_RS01590|transcript|TRANSCRIPT_gene-TPANIC_RS01590|protein_coding|1/1|c.1919T>G|p.Phe640Cys|1919/2514|1919/2514|640/837||	QUALITY=16572.77;COVERAGE=393.0;FREQUENCY=0.99;ANN=G|missense_variant|MODERATE|bamA|gene-TPANIC_RS01590|transcript|TRANSCRIPT_gene-TPANIC_RS01590|protein_coding|1/1|c.1919T>G|p.Phe640Cys|1919/2514|1919/2514|640/837||	QUALITY=16225.77;COVERAGE=413.0;FREQUENCY=0.99;ANN=G|missense_variant|MODERATE|bamA|gene-TPANIC_RS01590|transcript|TRANSCRIPT_gene-TPANIC_RS01590|protein_coding|1/1|c.1919T>G|p.Phe640Cys|1919/2514|1919/2514|640/837||	QUALITY=13281.77;COVERAGE=338.0;FREQUENCY=1.0;ANN=G|missense_variant|MODERATE|bamA|gene-TPANIC_RS01590|transcript|TRANSCRIPT_gene-TPANIC_RS01590|protein_coding|1/1|c.1919T>G|p.Phe640Cys|1919/2514|1919/2514|640/837||	QUALITY=8702.77;COVERAGE=208.0;FREQUENCY=1.0;ANN=G|missense_variant|MODERATE|bamA|gene-TPANIC_RS01590|transcript|TRANSCRIPT_gene-TPANIC_RS01590|protein_coding|1/1|c.1919T>G|p.Phe640Cys|1919/2514|1919/2514|640/837||	QUALITY=4286.77;COVERAGE=113.0;FREQUENCY=0.97;ANN=G|missense_variant|MODERATE|bamA|gene-TPANIC_RS01590|transcript|TRANSCRIPT_gene-TPANIC_RS01590|protein_coding|1/1|c.1919T>G|p.Phe640Cys|1919/2514|1919/2514|640/837||	QUALITY=477.77;COVERAGE=12.0;FREQUENCY=1.0;ANN=G|missense_variant|MODERATE|bamA|gene-TPANIC_RS01590|transcript|TRANSCRIPT_gene-TPANIC_RS01590|protein_coding|1/1|c.1919T>G|p.Phe640Cys|1919/2514|1919/2514|640/837||		QUALITY=3024.77;COVERAGE=79.0;FREQUENCY=0.99;ANN=G|missense_variant|MODERATE|bamA|gene-TPANIC_RS01590|transcript|TRANSCRIPT_gene-TPANIC_RS01590|protein_coding|1/1|c.1919T>G|p.Phe640Cys|1919/2514|1919/2514|640/837||
347822	QUALITY=4690.77;COVERAGE=113.0;FREQUENCY=1.0;ANN=C|missense_variant|MODERATE|bamA|gene-TPANIC_RS01590|transcript|TRANSCRIPT_gene-TPANIC_RS01590|protein_coding|1/1|c.2340A>C|p.Arg780Ser|2340/2514|2340/2514|780/837||	QUALITY=964.77;COVERAGE=23.0;FREQUENCY=1.0;ANN=C|missense_variant|MODERATE|bamA|gene-TPANIC_RS01590|transcript|TRANSCRIPT_gene-TPANIC_RS01590|protein_coding|1/1|c.2340A>C|p.Arg780Ser|2340/2514|2340/2514|780/837||	QUALITY=10426.77;COVERAGE=281.0;FREQUENCY=0.99;ANN=C|missense_variant|MODERATE|bamA|gene-TPANIC_RS01590|transcript|TRANSCRIPT_gene-TPANIC_RS01590|protein_coding|1/1|c.2340A>C|p.Arg780Ser|2340/2514|2340/2514|780/837||	QUALITY=11513.77;COVERAGE=267.0;FREQUENCY=1.0;ANN=C|missense_variant|MODERATE|bamA|gene-TPANIC_RS01590|transcript|TRANSCRIPT_gene-TPANIC_RS01590|protein_coding|1/1|c.2340A>C|p.Arg780Ser|2340/2514|2340/2514|780/837||	QUALITY=10597.77;COVERAGE=294.0;FREQUENCY=0.99;ANN=C|missense_variant|MODERATE|bamA|gene-TPANIC_RS01590|transcript|TRANSCRIPT_gene-TPANIC_RS01590|protein_coding|1/1|c.2340A>C|p.Arg780Ser|2340/2514|2340/2514|780/837||	QUALITY=10073.77;COVERAGE=275.0;FREQUENCY=0.99;ANN=C|missense_variant|MODERATE|bamA|gene-TPANIC_RS01590|transcript|TRANSCRIPT_gene-TPANIC_RS01590|protein_coding|1/1|c.2340A>C|p.Arg780Ser|2340/2514|2340/2514|780/837||	QUALITY=6209.77;COVERAGE=151.0;FREQUENCY=1.0;ANN=C|missense_variant|MODERATE|bamA|gene-TPANIC_RS01590|transcript|TRANSCRIPT_gene-TPANIC_RS01590|protein_coding|1/1|c.2340A>C|p.Arg780Ser|2340/2514|2340/2514|780/837||	QUALITY=4406.77;COVERAGE=118.0;FREQUENCY=0.99;ANN=C|missense_variant|MODERATE|bamA|gene-TPANIC_RS01590|transcript|TRANSCRIPT_gene-TPANIC_RS01590|protein_coding|1/1|c.2340A>C|p.Arg780Ser|2340/2514|2340/2514|780/837||		QUALITY=204.8;COVERAGE=7.0;FREQUENCY=1.0;ANN=C|missense_variant|MODERATE|bamA|gene-TPANIC_RS01590|transcript|TRANSCRIPT_gene-TPANIC_RS01590|protein_coding|1/1|c.2340A>C|p.Arg780Ser|2340/2514|2340/2514|780/837||	QUALITY=2176.77;COVERAGE=62.0;FREQUENCY=1.0;ANN=C|missense_variant|MODERATE|bamA|gene-TPANIC_RS01590|transcript|TRANSCRIPT_gene-TPANIC_RS01590|protein_coding|1/1|c.2340A>C|p.Arg780Ser|2340/2514|2340/2514|780/837||
347955	QUALITY=4491.77;COVERAGE=108.0;FREQUENCY=1.0;ANN=G|missense_variant|MODERATE|bamA|gene-TPANIC_RS01590|transcript|TRANSCRIPT_gene-TPANIC_RS01590|protein_coding|1/1|c.2473A>G|p.Asn825Asp|2473/2514|2473/2514|825/837||	QUALITY=786.77;COVERAGE=20.0;FREQUENCY=1.0;ANN=G|missense_variant|MODERATE|bamA|gene-TPANIC_RS01590|transcript|TRANSCRIPT_gene-TPANIC_RS01590|protein_coding|1/1|c.2473A>G|p.Asn825Asp|2473/2514|2473/2514|825/837||	QUALITY=9367.77;COVERAGE=251.0;FREQUENCY=0.98;ANN=G|missense_variant|MODERATE|bamA|gene-TPANIC_RS01590|transcript|TRANSCRIPT_gene-TPANIC_RS01590|protein_coding|1/1|c.2473A>G|p.Asn825Asp|2473/2514|2473/2514|825/837||	QUALITY=10934.77;COVERAGE=256.0;FREQUENCY=1.0;ANN=G|missense_variant|MODERATE|bamA|gene-TPANIC_RS01590|transcript|TRANSCRIPT_gene-TPANIC_RS01590|protein_coding|1/1|c.2473A>G|p.Asn825Asp|2473/2514|2473/2514|825/837||	QUALITY=10251.77;COVERAGE=275.0;FREQUENCY=0.97;ANN=G|missense_variant|MODERATE|bamA|gene-TPANIC_RS01590|transcript|TRANSCRIPT_gene-TPANIC_RS01590|protein_coding|1/1|c.2473A>G|p.Asn825Asp|2473/2514|2473/2514|825/837||	QUALITY=10050.77;COVERAGE=264.0;FREQUENCY=0.99;ANN=G|missense_variant|MODERATE|bamA|gene-TPANIC_RS01590|transcript|TRANSCRIPT_gene-TPANIC_RS01590|protein_coding|1/1|c.2473A>G|p.Asn825Asp|2473/2514|2473/2514|825/837||	QUALITY=6114.77;COVERAGE=153.0;FREQUENCY=1.0;ANN=G|missense_variant|MODERATE|bamA|gene-TPANIC_RS01590|transcript|TRANSCRIPT_gene-TPANIC_RS01590|protein_coding|1/1|c.2473A>G|p.Asn825Asp|2473/2514|2473/2514|825/837||	QUALITY=3785.77;COVERAGE=99.0;FREQUENCY=1.0;ANN=G|missense_variant|MODERATE|bamA|gene-TPANIC_RS01590|transcript|TRANSCRIPT_gene-TPANIC_RS01590|protein_coding|1/1|c.2473A>G|p.Asn825Asp|2473/2514|2473/2514|825/837||	QUALITY=398.77;COVERAGE=10.0;FREQUENCY=1.0;ANN=G|missense_variant|MODERATE|bamA|gene-TPANIC_RS01590|transcript|TRANSCRIPT_gene-TPANIC_RS01590|protein_coding|1/1|c.2473A>G|p.Asn825Asp|2473/2514|2473/2514|825/837||	QUALITY=173.9;COVERAGE=5.0;FREQUENCY=1.0;ANN=G|missense_variant|MODERATE|bamA|gene-TPANIC_RS01590|transcript|TRANSCRIPT_gene-TPANIC_RS01590|protein_coding|1/1|c.2473A>G|p.Asn825Asp|2473/2514|2473/2514|825/837||	QUALITY=2228.77;COVERAGE=58.0;FREQUENCY=1.0;ANN=G|missense_variant|MODERATE|bamA|gene-TPANIC_RS01590|transcript|TRANSCRIPT_gene-TPANIC_RS01590|protein_coding|1/1|c.2473A>G|p.Asn825Asp|2473/2514|2473/2514|825/837||
